{
    "annotations": {
        "list": [
            {
                "builtIn": 1,
                "datasource": {
                    "type": "grafana",
                    "uid": "-- Grafana --"
                },
                "enable": true,
                "hide": true,
                "iconColor": "rgba(0, 211, 255, 1)",
                "name": "Annotations & Alerts",
                "target": {
                    "limit": 100,
                    "matchAny": false,
                    "tags": [],
                    "type": "dashboard"
                },
                "type": "dashboard"
            }
        ]
    },
    "editable": true,
    "fiscalYearStartMonth": 0,
    "graphTooltip": 0,
    "id": 29,
    "links": [],
    "liveNow": false,
    "panels": [
        {
            "datasource": {
                "type": "jaeger",
                "uid": "0BINRMA4z"
            },
            "fieldConfig": {
                "defaults": {
                    "color": {
                        "mode": "thresholds"
                    },
                    "mappings": [],
                    "thresholds": {
                        "mode": "absolute",
                        "steps": [
                            {
                                "color": "green",
                                "value": null
                            },
                            {
                                "color": "red",
                                "value": 80
                            }
                        ]
                    }
                },
                "overrides": []
            },
            "gridPos": {
                "h": 8,
                "w": 6,
                "x": 0,
                "y": 0
            },
            "id": 8,
            "options": {
                "orientation": "auto",
                "reduceOptions": {
                    "calcs": [
                        "lastNotNull"
                    ],
                    "fields": "",
                    "values": false
                },
                "showThresholdLabels": false,
                "showThresholdMarkers": true
            },
            "pluginVersion": "9.3.1",
            "targets": [
                {
                    "datasource": {
                        "type": "jaeger",
                        "uid": "0BINRMA4z"
                    },
                    "queryType": "search",
                    "refId": "A",
                    "service": "frontend-service"
                }
            ],
            "title": "Frontend Avg response time",
            "type": "gauge"
        },
        {
            "datasource": {
                "type": "datasource",
                "uid": "-- Mixed --"
            },
            "fieldConfig": {
                "defaults": {
                    "color": {
                        "mode": "thresholds"
                    },
                    "mappings": [],
                    "thresholds": {
                        "mode": "absolute",
                        "steps": [
                            {
                                "color": "green",
                                "value": null
                            },
                            {
                                "color": "red",
                                "value": 80
                            }
                        ]
                    }
                },
                "overrides": []
            },
            "gridPos": {
                "h": 8,
                "w": 6,
                "x": 6,
                "y": 0
            },
            "id": 2,
            "options": {
                "orientation": "auto",
                "reduceOptions": {
                    "calcs": [
                        "lastNotNull"
                    ],
                    "fields": "",
                    "values": false
                },
                "showThresholdLabels": false,
                "showThresholdMarkers": true
            },
            "pluginVersion": "9.3.1",
            "targets": [
                {
                    "datasource": {
                        "type": "jaeger",
                        "uid": "0BINRMA4z"
                    },
                    "hide": false,
                    "queryType": "search",
                    "refId": "A",
                    "service": "backend-service"
                }
            ],
            "title": "Backend Avg Response time",
            "transformations": [],
            "type": "gauge"
        },
        {
            "datasource": {
                "type": "prometheus",
                "uid": "prometheus"
            },
            "description": "",
            "fieldConfig": {
                "defaults": {
                    "color": {
                        "mode": "palette-classic"
                    },
                    "custom": {
                        "axisCenteredZero": false,
                        "axisColorMode": "text",
                        "axisLabel": "Bandwidth",
                        "axisPlacement": "auto",
                        "barAlignment": 0,
                        "drawStyle": "line",
                        "fillOpacity": 0,
                        "gradientMode": "none",
                        "hideFrom": {
                            "legend": false,
                            "tooltip": false,
                            "viz": false
                        },
                        "lineInterpolation": "linear",
                        "lineWidth": 1,
                        "pointSize": 5,
                        "scaleDistribution": {
                            "type": "linear"
                        },
                        "showPoints": "auto",
                        "spanNulls": false,
                        "stacking": {
                            "group": "A",
                            "mode": "none"
                        },
                        "thresholdsStyle": {
                            "mode": "off"
                        }
                    },
                    "mappings": [],
                    "thresholds": {
                        "mode": "absolute",
                        "steps": [
                            {
                                "color": "green",
                                "value": null
                            },
                            {
                                "color": "red",
                                "value": 80
                            }
                        ]
                    },
                    "unit": "binBps"
                },
                "overrides": []
            },
            "gridPos": {
                "h": 8,
                "w": 12,
                "x": 12,
                "y": 0
            },
            "id": 10,
            "options": {
                "legend": {
                    "calcs": [],
                    "displayMode": "list",
                    "placement": "bottom",
                    "showLegend": true
                },
                "tooltip": {
                    "mode": "single",
                    "sort": "none"
                }
            },
            "pluginVersion": "9.3.1",
            "targets": [
                {
                    "datasource": {
                        "type": "prometheus",
                        "uid": "prometheus"
                    },
                    "editorMode": "builder",
                    "expr": "rate(container_network_receive_bytes_total{pod=\"frontend-app-7446b76d8b-pwd4t\"}[$__rate_interval])",
                    "legendFormat": "Frontend",
                    "range": true,
                    "refId": "A"
                },
                {
                    "datasource": {
                        "type": "prometheus",
                        "uid": "prometheus"
                    },
                    "editorMode": "builder",
                    "expr": "rate(container_network_receive_bytes_total{pod=\"backend-app-7988dfb8c-qhrlm\"}[$__rate_interval])",
                    "hide": false,
                    "legendFormat": "backend",
                    "range": true,
                    "refId": "B"
                }
            ],
            "title": "System Network Usage",
            "transformations": [],
            "type": "timeseries"
        },
        {
            "datasource": {
                "type": "prometheus",
                "uid": "prometheus"
            },
            "fieldConfig": {
                "defaults": {
                    "color": {
                        "mode": "palette-classic"
                    },
                    "custom": {
                        "axisCenteredZero": false,
                        "axisColorMode": "text",
                        "axisLabel": "Memory (MB)",
                        "axisPlacement": "auto",
                        "barAlignment": 0,
                        "drawStyle": "bars",
                        "fillOpacity": 0,
                        "gradientMode": "none",
                        "hideFrom": {
                            "legend": false,
                            "tooltip": false,
                            "viz": false
                        },
                        "lineInterpolation": "linear",
                        "lineWidth": 1,
                        "pointSize": 5,
                        "scaleDistribution": {
                            "type": "linear"
                        },
                        "showPoints": "auto",
                        "spanNulls": false,
                        "stacking": {
                            "group": "A",
                            "mode": "none"
                        },
                        "thresholdsStyle": {
                            "mode": "line"
                        }
                    },
                    "mappings": [],
                    "thresholds": {
                        "mode": "absolute",
                        "steps": [
                            {
                                "color": "green",
                                "value": null
                            }
                        ]
                    },
                    "unit": "decbytes"
                },
                "overrides": []
            },
            "gridPos": {
                "h": 8,
                "w": 11,
                "x": 0,
                "y": 8
            },
            "id": 6,
            "options": {
                "legend": {
                    "calcs": [],
                    "displayMode": "list",
                    "placement": "bottom",
                    "showLegend": true
                },
                "tooltip": {
                    "mode": "single",
                    "sort": "none"
                }
            },
            "targets": [
                {
                    "datasource": {
                        "type": "prometheus",
                        "uid": "prometheus"
                    },
                    "editorMode": "code",
                    "expr": "avg(container_memory_usage_bytes{container=\"backend\"})",
                    "hide": false,
                    "legendFormat": "backend",
                    "range": true,
                    "refId": "B"
                },
                {
                    "datasource": {
                        "type": "prometheus",
                        "uid": "prometheus"
                    },
                    "editorMode": "code",
                    "expr": "avg(container_memory_usage_bytes{container=\"frontend\"})",
                    "hide": false,
                    "legendFormat": "frontend",
                    "range": true,
                    "refId": "A"
                }
            ],
            "title": "Application Memory usage",
            "type": "timeseries"
        },
        {
            "datasource": {
                "type": "prometheus",
                "uid": "prometheus"
            },
            "fieldConfig": {
                "defaults": {
                    "color": {
                        "mode": "palette-classic"
                    },
                    "custom": {
                        "axisCenteredZero": false,
                        "axisColorMode": "text",
                        "axisLabel": "CPU Time",
                        "axisPlacement": "auto",
                        "barAlignment": 0,
                        "drawStyle": "bars",
                        "fillOpacity": 0,
                        "gradientMode": "none",
                        "hideFrom": {
                            "legend": false,
                            "tooltip": false,
                            "viz": false
                        },
                        "lineInterpolation": "linear",
                        "lineWidth": 1,
                        "pointSize": 5,
                        "scaleDistribution": {
                            "type": "linear"
                        },
                        "showPoints": "auto",
                        "spanNulls": false,
                        "stacking": {
                            "group": "A",
                            "mode": "none"
                        },
                        "thresholdsStyle": {
                            "mode": "off"
                        }
                    },
                    "mappings": [],
                    "thresholds": {
                        "mode": "absolute",
                        "steps": [
                            {
                                "color": "green",
                                "value": null
                            },
                            {
                                "color": "red",
                                "value": 80
                            }
                        ]
                    },
                    "unit": "clockms"
                },
                "overrides": []
            },
            "gridPos": {
                "h": 8,
                "w": 13,
                "x": 11,
                "y": 8
            },
            "id": 4,
            "options": {
                "legend": {
                    "calcs": [],
                    "displayMode": "list",
                    "placement": "bottom",
                    "showLegend": true
                },
                "tooltip": {
                    "mode": "single",
                    "sort": "none"
                }
            },
            "targets": [
                {
                    "datasource": {
                        "type": "prometheus",
                        "uid": "prometheus"
                    },
                    "editorMode": "builder",
                    "exemplar": false,
                    "expr": "avg(container_cpu_usage_seconds_total{container=\"backend\"})",
                    "legendFormat": "Backend",
                    "range": true,
                    "refId": "A"
                },
                {
                    "datasource": {
                        "type": "prometheus",
                        "uid": "prometheus"
                    },
                    "editorMode": "builder",
                    "expr": "avg(container_cpu_usage_seconds_total{container=\"frontend\"})",
                    "hide": false,
                    "legendFormat": "Frontend",
                    "range": true,
                    "refId": "B"
                }
            ],
            "title": "CPU Usage",
            "type": "timeseries"
        }
    ],
    "schemaVersion": 37,
    "style": "dark",
    "tags": [],
    "templating": {
        "list": []
    },
    "time": {
        "from": "now-24h",
        "to": "now"
    },
    "timepicker": {},
    "timezone": "",
    "title": "System Final Dashboard",
    "uid": "FXVqnMA4k",
    "version": 8,
    "weekStart": ""
}